Game Title, Price ($)
Armored Warfare – Mercenary Legend Pack,$133.49
SWORD ART ONLINE: FATAL BULLET Deluxe Edition,$109.99
EA SPORTS™ UFC® 3 Deluxe Edition,$99.99
Gravel Special Edition,$89.99
59 Mega,$153.49
EA SPORTS™ UFC® 3 - 12000 UFC POINTS,$133.49
LET IT DIE - 280 Death Metals + 150 000 Kill Coins,$133.49
LET IT DIE - 280 Death Metals + 4 Type(s) of Black Rare Metal,$133.49
Kingdom Come: Deliverance,$79.99
Fe,$26.99
SWORD ART ONLINE: FATAL BULLET,$79.99
SWORD ART ONLINE: FATAL BULLET Deluxe Edition,$109.99
